"plate_number","dose","survival_prop","log_survival_prop"
1,1.175,0.44,-0.82098055206983
2,1.175,0.55,-0.59783700075562
3,2.35,0.16,-1.83258146374831
4,2.35,0.13,-2.04022082852655
5,4.7,0.04,-3.2188758248682
6,4.7,0.196,-1.62964061975162
7,4.7,0.0612,-2.79360808946386
8,7.05,0.005,-5.29831736654804
9,7.05,0.0032,-5.74460446917646
10,9.4,0.0011,-6.81244509917781
11,9.4,0.000154,-8.77855795555064
12,9.4,0.00019,-8.56848648580379
13,14.1,0.007,-4.96184512992682
14,14.1,6e-05,-9.72116599574217
